{
  "hash": "e3c7b10e",
  "configHash": "f965f57e",
  "lockfileHash": "db6a7552",
  "browserHash": "7d4b6169",
  "optimized": {
    "@angular/common": {
      "src": "../../../../../node_modules/@angular/common/fesm2022/common.mjs",
      "file": "@angular_common.js",
      "fileHash": "84843f20",
      "needsInterop": false
    },
    "@angular/common/locales/es-CO": {
      "src": "../../../../../node_modules/@angular/common/locales/es-CO.mjs",
      "file": "@angular_common_locales_es-CO.js",
      "fileHash": "b67d7fa4",
      "needsInterop": false
    },
    "@angular/core": {
      "src": "../../../../../node_modules/@angular/core/fesm2022/core.mjs",
      "file": "@angular_core.js",
      "fileHash": "2ed9003a",
      "needsInterop": false
    },
    "@angular/fire/app": {
      "src": "../../../../../node_modules/@angular/fire/fesm2022/angular-fire-app.mjs",
      "file": "@angular_fire_app.js",
      "fileHash": "f25a83be",
      "needsInterop": false
    },
    "@angular/fire/auth": {
      "src": "../../../../../node_modules/@angular/fire/fesm2022/angular-fire-auth.mjs",
      "file": "@angular_fire_auth.js",
      "fileHash": "a995b18c",
      "needsInterop": false
    },
    "@angular/forms": {
      "src": "../../../../../node_modules/@angular/forms/fesm2022/forms.mjs",
      "file": "@angular_forms.js",
      "fileHash": "3dd3beb4",
      "needsInterop": false
    },
    "@angular/platform-browser": {
      "src": "../../../../../node_modules/@angular/platform-browser/fesm2022/platform-browser.mjs",
      "file": "@angular_platform-browser.js",
      "fileHash": "f84c77cb",
      "needsInterop": false
    },
    "@angular/router": {
      "src": "../../../../../node_modules/@angular/router/fesm2022/router.mjs",
      "file": "@angular_router.js",
      "fileHash": "83025825",
      "needsInterop": false
    },
    "@ngrx/store": {
      "src": "../../../../../node_modules/@ngrx/store/fesm2022/ngrx-store.mjs",
      "file": "@ngrx_store.js",
      "fileHash": "27d314e4",
      "needsInterop": false
    },
    "primeng/api": {
      "src": "../../../../../node_modules/primeng/fesm2022/primeng-api.mjs",
      "file": "primeng_api.js",
      "fileHash": "878aca57",
      "needsInterop": false
    },
    "primeng/button": {
      "src": "../../../../../node_modules/primeng/fesm2022/primeng-button.mjs",
      "file": "primeng_button.js",
      "fileHash": "4d2deef2",
      "needsInterop": false
    },
    "primeng/card": {
      "src": "../../../../../node_modules/primeng/fesm2022/primeng-card.mjs",
      "file": "primeng_card.js",
      "fileHash": "b1c4ee74",
      "needsInterop": false
    },
    "primeng/carousel": {
      "src": "../../../../../node_modules/primeng/fesm2022/primeng-carousel.mjs",
      "file": "primeng_carousel.js",
      "fileHash": "463e5b4e",
      "needsInterop": false
    },
    "primeng/floatlabel": {
      "src": "../../../../../node_modules/primeng/fesm2022/primeng-floatlabel.mjs",
      "file": "primeng_floatlabel.js",
      "fileHash": "daaac32e",
      "needsInterop": false
    },
    "primeng/inputgroup": {
      "src": "../../../../../node_modules/primeng/fesm2022/primeng-inputgroup.mjs",
      "file": "primeng_inputgroup.js",
      "fileHash": "22002d87",
      "needsInterop": false
    },
    "primeng/inputgroupaddon": {
      "src": "../../../../../node_modules/primeng/fesm2022/primeng-inputgroupaddon.mjs",
      "file": "primeng_inputgroupaddon.js",
      "fileHash": "e7ce9dfe",
      "needsInterop": false
    },
    "primeng/inputtext": {
      "src": "../../../../../node_modules/primeng/fesm2022/primeng-inputtext.mjs",
      "file": "primeng_inputtext.js",
      "fileHash": "d8214423",
      "needsInterop": false
    },
    "rxjs": {
      "src": "../../../../../node_modules/rxjs/dist/esm5/index.js",
      "file": "rxjs.js",
      "fileHash": "c9fc9169",
      "needsInterop": false
    }
  },
  "chunks": {
    "chunk-4F46GAX3": {
      "file": "chunk-4F46GAX3.js"
    },
    "chunk-DDZEMGLG": {
      "file": "chunk-DDZEMGLG.js"
    },
    "chunk-YOJ73X2Y": {
      "file": "chunk-YOJ73X2Y.js"
    },
    "chunk-2ZCQLLUU": {
      "file": "chunk-2ZCQLLUU.js"
    },
    "chunk-FX52VF2P": {
      "file": "chunk-FX52VF2P.js"
    },
    "chunk-6QSMAMPA": {
      "file": "chunk-6QSMAMPA.js"
    },
    "chunk-YJQBIRF2": {
      "file": "chunk-YJQBIRF2.js"
    },
    "chunk-TVRLFSMA": {
      "file": "chunk-TVRLFSMA.js"
    },
    "chunk-E2H5IIOR": {
      "file": "chunk-E2H5IIOR.js"
    },
    "chunk-LJ4VCL4A": {
      "file": "chunk-LJ4VCL4A.js"
    }
  }
}